task,subtask,category,method,year,venue,method_type,drug_representation,drug_encoder,target_representation,target_encoder,fusion,cell_profiles,cell_architecture,cell_state_architecture,drug_architecture,representation,architecture,technique,conditions,datasets_tasks,ood,paper,code,bibtex_key,notes,title,bibtex_type,paper_link_source
DTI/DTA,,,DrugCLIP,2024,NeurIPS,-,3D,Uni-mol[Uni-Mol],3D Pocket,Uni-mol,-,,,,,,,,,COSMIC LIT-PCBA : Classification,Unseen-target Seen-both,https://openreview.net/forum?id=lAbCgNcxm7,,gao2024drugclip,3D drug representation with 3D Pocket target modeling; fusion: -.,Drugclip: Contrasive protein-molecule representation learning for virtual screening,article,web-verified
DTI/DTA,,,APLM,2022,bioRxiv,Concat,MFP,MLP,Seq.,PLM,Concat,,,,,,,,,GDSC PDTC Sci-Plex/scRNA-seq : Classification,Unseen-drug Unseen-target Seen-both,https://doi.org/10.1101/2022.11.03.515084,,sledzieski2022adapting,MFP drug representation with Seq. target modeling; fusion: Concat.,Adapting protein language models for rapid DTI prediction,article,web-verified
DTI/DTA,,,DTI-MGNN,2022,Briefings in Bioinformatics,Attention,SMILES,KGE,Seq.,KGE,Attention,,,,,,,,,TCGA : Classification,Seen-both,https://scholar.google.com/scholar?q=Drug--target+interaction+predication+via+multi-channel+graph+neural+networks,,li2022drug,SMILES drug representation with Seq. target modeling; fusion: Attention.,Drug--target interaction predication via multi-channel graph neural networks,article,scholar-fallback
DTI/DTA,,,HyperAttentionDTI,2022,Bioinformatics,Attention,SMILES,CNNs,Seq.,CNNs,Attention,,,,,,,,,GDSC CCLE TCGA : Classification,Seen-both,https://academic.oup.com/bioinformatics/article/38/3/655/6401997,,zhao2022hyperattentiondti,SMILES drug representation with Seq. target modeling; fusion: Attention.,HyperAttentionDTI: improving drug--protein interaction prediction by sequence-based deep learning with attention mechanism,article,web-verified
DTI/DTA,,,Drug-VQA,2020,Nature Machine Intelligence,Concat,SMILES,LSTM,Distance Map,CNNs,Concat,,,,,,,,,COSMIC PubChem CTRP : Regression,Seen-both,https://scholar.google.com/scholar?q=Predicting+drug--protein+interaction+using+quasi-visual+question+answering+system,,zheng2020predicting,SMILES drug representation with Distance Map target modeling; fusion: Concat.,Predicting drug--protein interaction using quasi-visual question answering system,article,scholar-fallback
DTI/DTA,,,MolTrans,2021,Bioinformatics,MP,SMILES,Trans.,Seq.,Trans.,MP,,,,,,,,,GDSC PDTC Sci-Plex/scRNA-seq : Classification,Unseen-drug Unseen-target,https://academic.oup.com/bioinformatics/article/37/6/830/5929692,,huang2021moltrans,SMILES drug representation with Seq. target modeling; fusion: MP.,MolTrans: molecular interaction transformer for drug--target interaction prediction,article,web-verified
DTI/DTA,,,SiamDTI,2024,arXiv preprint arXiv:2405.14545,BAN,SMILES,Trans.,Seq.,Trans.,BAN,,,,,,,,,-cell RNA-seq : Classification,Unseen-both Unseen-drug Unseen-target Seen-both,https://arxiv.org/abs/2405.14545,,zhang2024cross,SMILES drug representation with Seq. target modeling; fusion: BAN.,A Cross-Field Fusion Strategy for Drug-Target Interaction Prediction,article,venue-arxiv
DTI/DTA,,,DTIAM,2025,Nature Communications,Concat,Graph,Trans.,Seq.,Trans.,Concat,,,,,,,,,GDSC CCLE : Classification Regression,Unseen-drug Unseen-target,https://scholar.google.com/scholar?q=DTIAM%3A+a+unified+framework+for+predicting+drug-target+interactions%2C+binding+affinities+and+drug+mechanisms,,lu2025dtiam,Graph drug representation with Seq. target modeling; fusion: Concat.,"DTIAM: a unified framework for predicting drug-target interactions, binding affinities and drug mechanisms",article,scholar-fallback
DTI/DTA,,,DrugBAN,2023,Nature Machine Intelligence,BAN,Graph,GNNs,Seq.,CNNs,BAN,,,,,,,,,CTRP PDTC : Classification,Unseen-both Seen-both,https://doi.org/10.1038/s42256-022-00605-1,,bai2023interpretable,Graph drug representation with Seq. target modeling; fusion: BAN.,Interpretable bilinear attention network with domain adaptation improves drug--target prediction,article,web-verified
DTI/DTA,,,PSC-CPI,2024,AAAI,MP,Graph,GNNs,"Seq., Graph","HRNN, GAT",MP,,,,,,,,,GDSC PDTC Metz Karimi : Regression,Unseen-both Unseen-drug Unseen-target Seen-both,https://scholar.google.com/scholar?q=Psc-cpi%3A+Multi-scale+protein+sequence-structure+contrasting+for+efficient+and+generalizable+compound-protein+interaction+prediction,,wu2024psc,"Graph drug representation with Seq., Graph target modeling; fusion: MP.",Psc-cpi: Multi-scale protein sequence-structure contrasting for efficient and generalizable compound-protein interaction prediction,inproceedings,scholar-fallback
DTI/DTA,,,Cross-interaction,2022,Bioinformatics,Concat,Graph,GNNs,"Seq., Graph","HRNN, GAT",Concat,,,,,,,,,PDTC PDBbind : Classification,Unseen-both Unseen-drug Unseen-target Seen-both,https://scholar.google.com/scholar?q=Cross-modality+and+self-supervised+protein+embedding+for+compound--protein+affinity+and+contact+prediction,,you2022cross,"Graph drug representation with Seq., Graph target modeling; fusion: Concat.",Cross-modality and self-supervised protein embedding for compound--protein affinity and contact prediction,article,scholar-fallback
DTI/DTA,,,MGNDTI,2024,Journal of Chemical Information and Modeling,GN,"SMILES, Graph","GCNs, RN",Seq.,RN,GN,,,,,,,,,PubChem CTRP PDTC : Classification,Unseen-both Unseen-drug Unseen-target Seen-both,https://scholar.google.com/scholar?q=MGNDTI%3A+A+drug-target+interaction+prediction+framework+based+on+multimodal+representation+learning+and+the+gating+mechanism,,peng2024mgndti,"SMILES, Graph drug representation with Seq. target modeling; fusion: GN.",MGNDTI: A drug-target interaction prediction framework based on multimodal representation learning and the gating mechanism,article,scholar-fallback
DTI/DTA,,,Perceiver-CPI,2023,Bioinformatics,Attention,"SMILES, MFP","GNNs, MLP",Seq.,CNNs,Attention,,,,,,,,,GDSC CCLE PDBbind Metz : Regression,Unseen-both Unseen-drug Unseen-target Seen-both,https://scholar.google.com/scholar?q=Perceiver+CPI%3A+a+nested+cross-attention+network+for+compound--protein+interaction+prediction,,nguyen2023perceiver,"SMILES, MFP drug representation with Seq. target modeling; fusion: Attention.",Perceiver CPI: a nested cross-attention network for compound--protein interaction prediction,article,scholar-fallback
DTI/DTA,,,MlanDTI,2024,AAAI,Attention,SMILES,PLM,Seq.,"PLM, CNNs",Attention,,,,,,,,,CTRP PubChem PDTC Sci-Plex/scRNA-seq : Classification,Unseen-both,https://scholar.google.com/scholar?q=Multilevel+attention+network+with+semi-supervised+domain+adaptation+for+drug-target+prediction,,mlandti2024,SMILES drug representation with Seq. target modeling; fusion: Attention.,Multilevel attention network with semi-supervised domain adaptation for drug-target prediction,inproceedings,scholar-fallback
DTI/DTA,,,GRAM-DTI,2026,International Conference on Learning Representations,Concat,SMILES,PLM,Seq.,PLM,Concat,,,,,,,,,Yamanishi08 Hetionet : Classification,Unseen-drug Unseen-target,https://mlanthology.org/iclr/2026/jiang2026iclr-gramdti/,,gramdti2026,SMILES drug representation with Seq. target modeling; fusion: Concat.,GRAM-DTI: Adaptive Multimodal Representation Learning for Drug–Target Interaction Prediction,inproceedings,bibtex-url
DTI/DTA,,,R-DTI,2025,AAAI,Concat,"SMILES, Graph","PLM, CNNs, GAT","Seq., 3D","PLM, CNNs, RN",Concat,,,,,,,,,PDTC TCGA : Classification,-,https://scholar.google.com/scholar?q=R-DTI%3A+drug+target+interaction+prediction+based+on+second-order+relevance+exploration,,rdti2025,"SMILES, Graph drug representation with Seq., 3D target modeling; fusion: Concat.",R-DTI: drug target interaction prediction based on second-order relevance exploration,inproceedings,scholar-fallback
DTI/DTA,,,MoseDTI,2025,AAAI,Attention,Graph,"GNNs, KGE",Seq.,"PLM, CNNs, KGE",Attention,,,,,,,,,DGIDB GNBR DrugBank DrugCentral : Classification,-,https://scholar.google.com/scholar?q=Blend+the+Separated%3A+Mixture+of+Synergistic+Experts+for+Data-Scarcity+Drug-Target+Interaction+Prediction,,mosedti2025,Graph drug representation with Seq. target modeling; fusion: Attention.,Blend the Separated: Mixture of Synergistic Experts for Data-Scarcity Drug-Target Interaction Prediction,inproceedings,scholar-fallback
DTI/DTA,,,DrugCMF,2026,AAAI,Attention,"SMILES, 3D",PLM,"Seq., 3D",PLM,Attention,,,,,,,,,PDTC Sci-Plex/scRNA-seq CTRP : Classification,Unseen-both,https://scholar.google.com/scholar?q=Bridging+the+Modality+Reliability+Gap+in+Drug-Target+Interaction+Prediction+via+a+Confidence-aware+Multimodal+Fusion+Framework,,drugcmf2026,"SMILES, 3D drug representation with Seq., 3D target modeling; fusion: Attention.",Bridging the Modality Reliability Gap in Drug-Target Interaction Prediction via a Confidence-aware Multimodal Fusion Framework,inproceedings,scholar-fallback
DTI/DTA,,,Otter-Knowledge,2024,Proceedings of the AAAI conference on artificial intelligence,Concat,"SMILES, MFP","PLM, GNNs",Seq.,"PLM, GNNs",Concat,,,,,,,,,DTI-DG GDSC CCLE : Regression,Unseen-drug Unseen-target Unseen-both,https://scholar.google.com/scholar?q=Knowledge+enhanced+representation+learning+for+drug+discovery,,otterknowledge2024,"SMILES, MFP drug representation with Seq. target modeling; fusion: Concat.",Knowledge enhanced representation learning for drug discovery,inproceedings,scholar-fallback
DTI/DTA,,,LigoSpace,2026,NeurIPS,MP,"Graph, 3D",GNNs,"Graph, 3D",GNNs,MP,,,,,,,,,DTIGN SIU : Regression,-,https://scholar.google.com/scholar?q=Enhancing+bioactivity+prediction+via+spatial+emptiness+representation+of+protein-ligand+complex+and+union+of+multiple+pockets,,ligospace2025,"Graph, 3D drug representation with Graph, 3D target modeling; fusion: MP.",Enhancing bioactivity prediction via spatial emptiness representation of protein-ligand complex and union of multiple pockets,article,scholar-fallback
DTI/DTA,,,BioCG,2026,NeurIPS,Gen.,SMILES,PLM,Seq.,Trans.,Gen.,,,,,,,,,Sci-Plex/scRNA-seq : Classification,Unseen-drug Unseen-target,https://scholar.google.com/scholar?q=BioCG%3A+Constrained+Generative+Modeling+for+Biochemical+Interaction+Prediction,,biocg2025,SMILES drug representation with Seq. target modeling; fusion: Gen..,BioCG: Constrained Generative Modeling for Biochemical Interaction Prediction,article,scholar-fallback
DRP,,,Dr. VAE,2019,Bioinformatics,Supervised Learning,No constr.,,,,,E,VAE,,Not req.,,,Supervised Learning,,GDSC CCLE : Regression,,https://scholar.google.com/scholar?q=Dr.+VAE%3A+improving+drug+response+prediction+via+modeling+of+drug+perturbation+effects,,rampavsek2019dr,Cell-context drug response prediction using E profiles and No constraint drug input.,Dr. VAE: improving drug response prediction via modeling of drug perturbation effects,article,scholar-fallback
DRP,,,DeepTTA,2022,Briefings in Bioinformatics,Supervised Learning,Subcomponent,,,,,E,MLP,,Trans.,,,Supervised Learning,,GDSC : Classification,,https://scholar.google.com/scholar?q=DeepTTA%3A+a+transformer-based+model+for+predicting+cancer+drug+response,,deeptta,Cell-context drug response prediction using E profiles and Subcomponent drug input.,DeepTTA: a transformer-based model for predicting cancer drug response,article,scholar-fallback
DRP,,,SubCDR,2023,PLOS Computational Biology,Supervised Learning,Subcomponent,,,,,"E, R",CNNs,,CNNs,,,Supervised Learning,,GDSC : Classification Regression,,https://scholar.google.com/scholar?q=A+subcomponent-guided+deep+learning+method+for+interpretable+cancer+drug+response+prediction,,subcdr,"Cell-context drug response prediction using E, R profiles and Subcomponent drug input.",A subcomponent-guided deep learning method for interpretable cancer drug response prediction,article,scholar-fallback
DRP,,,TGSA,2022,Bioinformatics,Supervised Learning,Graph,,,,,"M, E, C, Net",GAT,,GIN,,,Supervised Learning,,GDSC : Regression,,https://scholar.google.com/scholar?q=TGSA%3A+protein--protein+association-based+twin+graph+neural+networks+for+drug+response+prediction+with+similarity+augmentation,,TGSA,"Cell-context drug response prediction using M, E, C, Net profiles and Graph drug input.",TGSA: protein--protein association-based twin graph neural networks for drug response prediction with similarity augmentation,article,scholar-fallback
DRP,,,DIPK,2024,Briefings in Bioinformatics,Pre-training,Graph,,,,,"E, Net",GAE,,"GNNs, Trans.",,,Pre-training,,GDSC CCLE : Regression,,https://scholar.google.com/scholar?q=Improving+drug+response+prediction+via+integrating+gene+relationships+with+deep+learning,,DIPK,"Cell-context drug response prediction using E, Net profiles and Graph drug input.",Improving drug response prediction via integrating gene relationships with deep learning,article,scholar-fallback
DRP,,,GraphCDR,2022,Briefings in Bioinformatics,Contrastive Learning,Graph,,,,,"M, E, C",DNNs,,GNNs,,,Contrastive Learning,,GDSC CCLE : Classification,,https://scholar.google.com/scholar?q=GraphCDR%3A+a+graph+neural+network+method+with+contrastive+learning+for+cancer+drug+response+prediction,,graphcdr,"Cell-context drug response prediction using M, E, C profiles and Graph drug input.",GraphCDR: a graph neural network method with contrastive learning for cancer drug response prediction,article,scholar-fallback
DRP,,,CLDR,2024,"Proceedings of the Thirty-Third International Joint Conference on Artificial Intelligence, IJCAI-24",Contrastive Learning,No constr.,,,,,No constr.,Trans.,,Trans.,,,Contrastive Learning,,GDSC : Regression,,https://scholar.google.com/scholar?q=Contrastive+learning+drug+response+models+from+natural+language+supervision,,cldr,Cell-context drug response prediction using No constraint profiles and No constraint drug input.,Contrastive learning drug response models from natural language supervision,inproceedings,scholar-fallback
DRP,,,MSDA,2024,"Proceedings of the Thirty-Third International Joint Conference on Artificial Intelligence, IJCAI-24",Domain Generalization,No constr.,,,,,No constr.,No constr.,,No constr.,,,Domain Generalization,,GDSC NCI-60 : Regression,,https://scholar.google.com/scholar?q=Zero-shot+learning+for+preclinical+drug+screening,,MSDA,Cell-context drug response prediction using No constraint profiles and No constraint drug input.,Zero-shot learning for preclinical drug screening,inproceedings,scholar-fallback
DRP,,,CODE-AE,2022,Nature Machine Intelligence,Domain Generalization,Not req.,,,,,R,AE,,Not req.,,,Domain Generalization,,CCLE TCGA PDTC : Classification,,https://scholar.google.com/scholar?q=A+context-aware+deconfounding+autoencoder+for+robust+prediction+of+personalized+clinical+drug+response+from+cell-line+compound+screening,,code-ae,Cell-context drug response prediction using R profiles and Not required drug input.,A context-aware deconfounding autoencoder for robust prediction of personalized clinical drug response from cell-line compound screening,article,scholar-fallback
DRP,,,scDEAL,2022,Nature Communications,Transfer Learning,Not req.,,,,,"R, S",AE,,Not req.,,,Transfer Learning,,GDSCSci-Plex/scRNA-seq : Classification,,https://scholar.google.com/scholar?q=Deep+transfer+learning+of+cancer+drug+responses+by+integrating+bulk+and+Sci-Plex%2FscRNA-seq+data,,scDEAL,"Cell-context drug response prediction using R, S profiles and Not required drug input.",Deep transfer learning of cancer drug responses by integrating bulk and Sci-Plex/scRNA-seq data,article,scholar-fallback
DRP,,,WISER,2024,arXiv preprint arXiv:2405.04078,Weak Supervision Learning,No constr.,,,,,E,MLP,,Not req.,,,Weak Supervision Learning,,DepMap TCGA : Classification,,https://arxiv.org/abs/2405.04078,,WISER,Cell-context drug response prediction using E profiles and No constraint drug input.,WISER: Weak supervISion and supErvised Representation learning to improve drug response prediction in cancer,article,venue-arxiv
DRP,,,drGAT,2025,Journal of Computational Biology,Supervised Learning,Graph,,,,,"E, Net",GAT,,GAT,,,Supervised Learning,,NCI-60 : Classification,,https://scholar.google.com/scholar?q=DRGAT%3A+predicting+drug+responses+via+diffusion-based+graph+attention+network,,sefer2025drgat,"Cell-context drug response prediction using E, Net profiles and Graph drug input.",DRGAT: predicting drug responses via diffusion-based graph attention network,article,scholar-fallback
DRP,,,XGDP,2025,Scientific Reports,Supervised Learning,Graph,,,,,E,CNNs,,GAT,,,Supervised Learning,,GDSC : Regression,,https://scholar.google.com/scholar?q=Drug+discovery+and+mechanism+prediction+with+explainable+graph+neural+networks,,wang2025drug,Cell-context drug response prediction using E profiles and Graph drug input.,Drug discovery and mechanism prediction with explainable graph neural networks,article,scholar-fallback
DRP,,,PASO,2025,PLOS Computational Biology,Supervised Learning,Subcomponent,,,,,"M, E, C, Path",GAT,,CNNs,,,Supervised Learning,,GDSC TCGA : Regression,,https://scholar.google.com/scholar?q=Anticancer+drug+response+prediction+integrating+multi-omics+pathway-based+difference+features+and+multiple+deep+learning+techniques,,wu2025anticancer,"Cell-context drug response prediction using M, E, C, Path profiles and Subcomponent drug input.",Anticancer drug response prediction integrating multi-omics pathway-based difference features and multiple deep learning techniques,article,scholar-fallback
DRP,,,PAM-CDR,2026,IEEE Journal of Biomedical and Health Informatics,Supervised Learning,Graph,,,,,"M, E",DNNs,,GCN,,,Supervised Learning,,GDSC : Regression,,https://scholar.google.com/scholar?q=PAM-CDR%3A+Property-Aware+Multi-Modal+Drug+Representation+Learning+for+Accurate+Cancer+Drug+Response+Prediction,,li2026pam,"Cell-context drug response prediction using M, E profiles and Graph drug input.",PAM-CDR: Property-Aware Multi-Modal Drug Representation Learning for Accurate Cancer Drug Response Prediction,article,scholar-fallback
DRP,,,MTEGDRP,2026,Journal of Medicinal Chemistry,Supervised Learning,Graph,,,,,"M, E, C, Epi",Trans.,,GNNs,,,Supervised Learning,,GDSC : Regression,,https://scholar.google.com/scholar?q=MTEGDRP%3A+Interpretable+Molecular+Self-Attention+Transformer+and+Equivariant+Graph+Neural+Network+Based+on+Multi-Omics+Fusion+for+Drug+Response+Prediction+in+Cancer+Cell+Lines,,liu2026mtegdrp,"Cell-context drug response prediction using M, E, C, Epi profiles and Graph drug input.",MTEGDRP: Interpretable Molecular Self-Attention Transformer and Equivariant Graph Neural Network Based on Multi-Omics Fusion for Drug Response Prediction in Cancer Cell Lines,article,scholar-fallback
DRP,,,TransDRP,2025,AAAI,Domain Adaptation,Graph,,,,,E,MLP,,GNNs,,,Domain Adaptation,,CCLE GDSC TCGA : Classification,,https://scholar.google.com/scholar?q=Knowledge-guided+domain+adaptation+model+for+transferring+drug+response+prediction+from+cell+lines+to+patients,,transdrp2025,Cell-context drug response prediction using E profiles and Graph drug input.,Knowledge-guided domain adaptation model for transferring drug response prediction from cell lines to patients,inproceedings,scholar-fallback
DRP,,,MACB-DRP,2026,AAAI,Domain Adaptation,No constr.,,,,,E,MLP,,Not req.,,,Domain Adaptation,,CCLE GDSC TCGA : Classification,,https://scholar.google.com/scholar?q=Multi-Level+Domain+Adaptation+and+Contrastive+Domain+Isolation+with+Bilinear+Fusion+for+Patient+Drug+Response+Prediction,,macbdrp2026,Cell-context drug response prediction using E profiles and No constraint drug input.,Multi-Level Domain Adaptation and Contrastive Domain Isolation with Bilinear Fusion for Patient Drug Response Prediction,inproceedings,scholar-fallback
DRP,,,DeepSADR,2026,The Fourteenth International Conference on Learning Representations,Domain Adaptation,Graph,,,,,R,GAE,,GNNs,,,Domain Adaptation,,CCLE GDSC TCGA : Classification,,https://openreview.net/forum?id=jrFJWpDZvq,,deepsadr2026,Cell-context drug response prediction using R profiles and Graph drug input.,DeepSADR: Deep Transfer Learning with Subsequence Interaction and Adaptive Readout for Cancer Drug Response Prediction,inproceedings,bibtex-url
DRP,,,PREDICT-AI,2024,KDD,Domain Adaptation,No constr.,,,,,M,Trans.,,Not req.,,,Domain Adaptation,,CCLE GDSC TCGA : Classification Regression,,https://scholar.google.com/scholar?q=Personalised+drug+identifier+for+cancer+treatment+with+transformers+using+auxiliary+information,,predictai2024,Cell-context drug response prediction using M profiles and No constraint drug input.,Personalised drug identifier for cancer treatment with transformers using auxiliary information,inproceedings,scholar-fallback
DPP,,,scGen,2019,Nature methods,Unsupervised Learning,No constr.,,,,,S,,VAE,Not req.,,,Unsupervised Learning,,Sci-Plex/scRNA-seq : Regression,,https://scholar.google.com/scholar?q=scGen+predicts+single-cell+perturbation+responses,,lotfollahi2019scgen,Drug perturbation prediction for transcriptomic/cellular state changes using Unsupervised Learning.,scGen predicts single-cell perturbation responses,article,scholar-fallback
DPP,,,DeepCellState,2021,PLOS Computational Biology,Unsupervised Learning,No constr.,,,,,E,,AE,Not req.,,,Unsupervised Learning,,L1000 : Regression,,https://scholar.google.com/scholar?q=DeepCellState%3A+An+autoencoder-based+framework+for+predicting+cell+type+specific+transcriptional+states+induced+by+drug+treatment,,umarov2021deepcellstate,Drug perturbation prediction for transcriptomic/cellular state changes using Unsupervised Learning.,DeepCellState: An autoencoder-based framework for predicting cell type specific transcriptional states induced by drug treatment,article,scholar-fallback
DPP,,,CPA,2021,BioRxiv,Supervised Learning,No constr.,,,,,S,,AE,Not req.,,,Supervised Learning,,Sci-Plex/scRNA-seq : Regression,,https://scholar.google.com/scholar?q=Compositional+perturbation+autoencoder+for+single-cell+response+modeling,,lotfollahi2021compositional,Drug perturbation prediction for transcriptomic/cellular state changes using Supervised Learning.,Compositional perturbation autoencoder for single-cell response modeling,article,scholar-fallback
DPP,,,ChemCPA,2022,NeurIPS,Supervised Learning,Graph,,,,,S,,AE,GNNs,,,Supervised Learning,,Sci-Plex/scRNA-seq : Regression,,https://scholar.google.com/scholar?q=Predicting+cellular+responses+to+novel+drug+perturbations+at+a+single-cell+resolution,,hetzel2022predicting,Drug perturbation prediction for transcriptomic/cellular state changes using Supervised Learning.,Predicting cellular responses to novel drug perturbations at a single-cell resolution,article,scholar-fallback
DPP,,,CellOT,2023,Nature methods,Unsupervised Learning,No constr.,,,,,S,,Neural OT,Not req.,,,Unsupervised Learning,,Sci-Plex/scRNA-seq : Regression,,https://scholar.google.com/scholar?q=Learning+single-cell+perturbation+responses+using+neural+optimal+transport,,bunne2023learning,Drug perturbation prediction for transcriptomic/cellular state changes using Unsupervised Learning.,Learning single-cell perturbation responses using neural optimal transport,article,scholar-fallback
DPP,,,CPA-Screen,2023,Molecular systems biology,Supervised Learning,No constr.,,,,,S,,AE,Not req.,,,Supervised Learning,,Sci-Plex/scRNA-seq : Regression,,https://scholar.google.com/scholar?q=Predicting+cellular+responses+to+complex+perturbations+in+high-throughput+screens,,lotfollahi2023predicting,Drug perturbation prediction for transcriptomic/cellular state changes using Supervised Learning.,Predicting cellular responses to complex perturbations in high-throughput screens,article,scholar-fallback
DPP,,,CycleCDR,2024,Bioinformatics,Cycle Consistency Learning,No constr.,,,,,S,,GAN,Not req.,,,Cycle Consistency Learning,,Sci-Plex/scRNA-seq : Regression,,https://scholar.google.com/scholar?q=Predicting+single-cell+cellular+responses+to+perturbations+using+cycle+consistency+learning,,huang2024predicting,Drug perturbation prediction for transcriptomic/cellular state changes using Cycle Consistency Learning.,Predicting single-cell cellular responses to perturbations using cycle consistency learning,article,scholar-fallback
DPP,,,PRNet,2024,Nature Communications,Supervised Learning,Graph,,,,,E,,VAE,GNNs,,,Supervised Learning,,LINCS L1000 Sci-Plex/scRNA-seq : Regression,,https://scholar.google.com/scholar?q=Predicting+transcriptional+responses+to+novel+chemical+perturbations+using+deep+generative+model+for+drug+discovery,,qi2024predicting,Drug perturbation prediction for transcriptomic/cellular state changes using Supervised Learning.,Predicting transcriptional responses to novel chemical perturbations using deep generative model for drug discovery,article,scholar-fallback
DPP,,,DeepICER,2026,Acta Pharmaceutica Sinica B,Supervised Learning,Subcomponent,,,,,E,,MLP,Trans.,,,Supervised Learning,,LINCS L1000 : Regression,,https://scholar.google.com/scholar?q=DeepICER%3A+A+deep+learning+framework+for+predicting+compound-induced+gene+expression+profiles,,meng2026deepicer,Drug perturbation prediction for transcriptomic/cellular state changes using Supervised Learning.,DeepICER: A deep learning framework for predicting compound-induced gene expression profiles,article,scholar-fallback
DPP,,,XPert,2026,Nature Machine Intelligence,Supervised Learning,Subcomponent,,,,,"S, E",,Trans.,Trans.,,,Supervised Learning,,LINCS L1000 Sci-Plex/scRNA-seq : Regression,,https://scholar.google.com/scholar?q=Modelling+drug-induced+cellular+perturbation+responses+with+a+biologically+informed+dual-branch+transformer,,guo2026modelling,Drug perturbation prediction for transcriptomic/cellular state changes using Supervised Learning.,Modelling drug-induced cellular perturbation responses with a biologically informed dual-branch transformer,article,scholar-fallback
DPP,,,CRISP,2026,Nature Computational Science,Transfer Learning,No constr.,,,,,S,,"scFM, VAE",Not req.,,,Transfer Learning,,Sci-Plex/scRNA-seq : Classification Regression,,https://scholar.google.com/scholar?q=Predicting+drug+responses+of+unseen+cell+types+through+transfer+learning+with+foundation+models,,wang2026predicting,Drug perturbation prediction for transcriptomic/cellular state changes using Transfer Learning.,Predicting drug responses of unseen cell types through transfer learning with foundation models,article,scholar-fallback
DPP,,,Squidiff,2026,Nature methods,Supervised Learning,No constr.,,,,,S,,Diffusion,Not req.,,,Supervised Learning,,Sci-Plex/scRNA-seq : Regression,,https://scholar.google.com/scholar?q=Squidiff%3A+predicting+cellular+development+and+responses+to+perturbations+using+a+diffusion+model,,he2026squidiff,Drug perturbation prediction for transcriptomic/cellular state changes using Supervised Learning.,Squidiff: predicting cellular development and responses to perturbations using a diffusion model,article,scholar-fallback
DPP,,,PertDit,2026,Quantitative Biology,Supervised Learning,Subcomponent,,,,,E,,Diffusion,Trans.,,,Supervised Learning,,LINCS L1000 : Regression,,https://scholar.google.com/scholar?q=Predicting+drug-perturbed+transcriptional+responses+using+multi-conditional+diffusion+transformer,,hu2026predicting,Drug perturbation prediction for transcriptomic/cellular state changes using Supervised Learning.,Predicting drug-perturbed transcriptional responses using multi-conditional diffusion transformer,article,scholar-fallback
MPP,without pre-training,,DimeNet,2020,International Conference on Learning Representations,GNNs,,,,,,,,,,3D graph,GNNs,,,QM benchmarks ^3MD benchmarks ^1,,https://openreview.net/forum?id=B1eWbxStPH,,DimeNet,Molecular property prediction with 3D graph and GNNs.,Directional Message Passing for Molecular Graphs,inproceedings,bibtex-url
MPP,without pre-training,,MoleOOD,2022,NeurIPS,GNNs,,,,,,,,,,2D graph,GNNs,,,"Classification benchmarks ^3,4,6,8",,https://proceedings.neurips.cc/paper_files/paper/2022/file/547108084f0c2af39b956f8eadb75d1b-Paper-Conference.pdf,,NEURIPS2022_54710808,Molecular property prediction with 2D graph and GNNs.,Learning Substructure Invariance for Out-of-Distribution Molecular Representations,inproceedings,bibtex-url
MPP,without pre-training,,PaiNN,2021,Proceedings of the 38th International Conference on Machine Learning,MPNN,,,,,,,,,,3D graph,MPNN,,,QM benchmarks ^3MD benchmarks ^1,,https://proceedings.mlr.press/v139/schutt21a.html,,pmlr-v139-schutt21a,Molecular property prediction with 3D graph and MPNN.,Equivariant message passing for the prediction of tensorial properties and molecular spectra,inproceedings,bibtex-url
MPP,without pre-training,,GraphSAM,2024,ICLR,GT,,,,,,,,,,2D graph,GT,,,"Classification benchmarks ^2,3,5,8Regression benchmarks ^1,3",,https://openreview.net/forum?id=Od39h4XQ3Y,,GraphSAM,Molecular property prediction with 2D graph and GT.,Efficient Sharpness-Aware Minimization for Molecular Graph Transformer Models,inproceedings,bibtex-url
MPP,without pre-training,,SphereNet,2022,International Conference on Learning Representations,GNNs,,,,,,,,,,3D graph,GNNs,,,QM benchmarks ^3MD benchmarks ^1OC benchmarks ^3,,https://scholar.google.com/scholar?q=Spherical+message+passing+for+3d+molecular+graphs,,SphereNet,Molecular property prediction with 3D graph and GNNs.,Spherical message passing for 3d molecular graphs,inproceedings,scholar-fallback
MPP,without pre-training,,HDGNN,2024,ICLR,GNNs,,,,,,,,,,3D graph,GNNs,,,"QM benchmarks ^3OC benchmarks ^1,3",,https://openreview.net/forum?id=BBD6KXIGJL,,an2024hybrid,Molecular property prediction with 3D graph and GNNs.,Hybrid Directional Graph Neural Network for Molecules,inproceedings,bibtex-url
MPP,without pre-training,,TorchMD-Net,2022,International Conference on Learning Representations,Trans.,,,,,,,,,,3D graph,Trans.,,,QM benchmarks ^3MD benchmarks ^1Other benchmarks ^5,,https://openreview.net/forum?id=zNHzqZ9wrRB,,TorchMD-NET,Molecular property prediction with 3D graph and Trans..,Equivariant Transformers for Neural Network based Molecular Potentials,inproceedings,bibtex-url
MPP,without pre-training,,ViSNet,2024,Nature Communications,Trans.,,,,,,,,,,3D graph,Trans.,,,"QM benchmarks ^3MD benchmarks ^1,2,3Other benchmarks ^8",,https://scholar.google.com/scholar?q=Enhancing+geometric+representations+for+molecules+with+equivariant+vector-scalar+interactive+message+passing,,ViSNet,Molecular property prediction with 3D graph and Trans..,Enhancing geometric representations for molecules with equivariant vector-scalar interactive message passing,article,scholar-fallback
MPP,without pre-training,,Allegro,2023,Nature Communications,MLP,,,,,,,,,,1D desc.,MLP,,,QM benchmarks ^3MD benchmarks ^2Other benchmarks ^7,,https://scholar.google.com/scholar?q=Learning+local+equivariant+representations+for+large-scale+atomistic+dynamics,,Allegro,Molecular property prediction with 1D desc. and MLP.,Learning local equivariant representations for large-scale atomistic dynamics,article,scholar-fallback
MPP,without pre-training,,Polymer Walk,2024,ICML,GNNs,,,,,,,,,,2D graph,GNNs,,,Other benchmarks ^9,,https://scholar.google.com/scholar?q=Representing+Molecules+as+Random+Walks+Over+Interpretable+Grammars,,walk,Molecular property prediction with 2D graph and GNNs.,Representing Molecules as Random Walks Over Interpretable Grammars,inproceedings,scholar-fallback
MPP,without pre-training,,Geo-DEG,2023,ICML,GNNs,,,,,,,,,,2D graph,GNNs,,,"Classification benchmarks ^2Regression benchmarks ^2,3Other benchmarks ^9",,https://scholar.google.com/scholar?q=Hierarchical+grammar-induced+geometry+for+data-efficient+molecular+property+prediction,,Geo-DEG,Molecular property prediction with 2D graph and GNNs.,Hierarchical grammar-induced geometry for data-efficient molecular property prediction,inproceedings,scholar-fallback
MPP,without pre-training,,QTAIM,2024,Digital Discovery,GNNs,,,,,,,,,,3D graph,GNNs,,,"QM benchmarks ^2,3Classification benchmarks ^5",,https://doi.org/10.1039/D4DD00057A,,QTAIM,Molecular property prediction with 3D graph and GNNs.,High-throughput quantum theory of atoms in molecules (QTAIM) for geometric deep learning of molecular and reaction properties,article,bibtex-doi
MPP,without pre-training,,Equiformer,2023,ICLR,GT,,,,,,,,,,3D graph,GT,,,QM benchmarks ^3MD benchmarks ^1OC benchmarks ^1,,https://openreview.net/forum?id=KwmPfARgOTD,,Equiformer,Molecular property prediction with 3D graph and GT.,Equiformer: Equivariant Graph Attention Transformer for 3D Atomistic Graphs,inproceedings,bibtex-url
MPP,without pre-training,,SCHull,2025,ICLR,GNNs,,,,,,,,,,3D graph,GNNs,,,MD benchmarks ^1,,https://openreview.net/forum?id=OIvg3MqWX2,,schull,Molecular property prediction with 3D graph and GNNs.,"A Theoretically-Principled Sparse, Connected, and Rigid Graph Representation of Molecules",inproceedings,bibtex-url
MPP,without pre-training,,Molformer,2023,AAAI,Trans.,,,,,,,,,,2/3D graph,Trans.,,,"QM benchmarks ^1,2,3Classification benchmarks ^2,6,8",,https://scholar.google.com/scholar?q=Molformer%3A+Motif-based+transformer+on+3d+heterogeneous+molecular+graphs,,wu2023molformer,Molecular property prediction with 2/3D graph and Trans..,Molformer: Motif-based transformer on 3d heterogeneous molecular graphs,inproceedings,scholar-fallback
MPP,without pre-training,,E2Former,2025,NeurIPS,GT,,,,,,,,,,2/3D graph,GT,,,"OC benchmarks ^1,2Other benchmarks ^4",,https://proceedings.neurips.cc/paper_files/paper/2025/file/21f7b745f73ce0d1f9bcea7f40b1388e-Paper-Conference.pdf,,NEURIPS2025_21f7b745,Molecular property prediction with 2/3D graph and GT.,E2Former: An Efficient and Equivariant Transformer with Linear-Scaling Tensor Products,inproceedings,bibtex-url
MPP,without pre-training,,GotenNet,2025,ICLR,GNNs,,,,,,,,,,3D graph,GNNs,,,"QM benchmarks ^3MD benchmarks ^2,3Other benchmarks ^8",,https://openreview.net/forum?id=5wxCQDtbMo,,aykent2025gotennet,Molecular property prediction with 3D graph and GNNs.,GotenNet: Rethinking Efficient 3D Equivariant Graph Neural Networks,inproceedings,bibtex-url
MPP,without pre-training,,UniField,2026,TBD,Trans.,,,,,,,,,,3D/ED,Trans.,,,"QM benchmarks ^3Other benchmarks ^1,6",,https://arxiv.org/abs/2605.24013,,zhang2026unifield,Molecular property prediction with 3D/ED and Trans..,UniField: RBF-Guided Electron Density Fusion for Enhanced Molecular Representations,misc,bibtex-url
MPP,with pre-training,,InfoGraph,2020,International Conference on Learning Representations,GIN,,,,,,,,,,2D graph,GIN,,,QM benchmarks ^3,,https://openreview.net/forum?id=r1lfF2NYvH,,InfoGraph,Molecular property prediction with 2D graph and GIN.,InfoGraph: Unsupervised and Semi-supervised Graph-Level Representation Learning via Mutual Information Maximization,inproceedings,bibtex-url
MPP,with pre-training,,MOL-AE,2024,Proceedings of the 41st International Conference on Machine Learning,Trans.,,,,,,,,,,3D graph,Trans.,,,QM benchmarks ^1-3Classification benchmarks ^1-8Regression benchmarks ^1-3OC benchmarks ^1,,https://scholar.google.com/scholar?q=MOL-AE%3A+Auto-encoder+based+molecular+representation+learning+with+3D+cloze+test+objective,,MOL-AE,Molecular property prediction with 3D graph and Trans..,MOL-AE: Auto-encoder based molecular representation learning with 3D cloze test objective,inproceedings,scholar-fallback
MPP,with pre-training,,3D Infomax,2022,Proceedings of the 39th International Conference on Machine Learning,PNA,,,,,,,,,,2/3D graph,PNA,,,QM benchmarks ^3Other benchmarks ^1,,https://proceedings.mlr.press/v162/stark22a.html,,pmlr-v162-stark22a,Molecular property prediction with 2/3D graph and PNA.,3D Infomax improves GNNs for Molecular Property Prediction,inproceedings,bibtex-url
MPP,with pre-training,,Uni-Mol2,2024,The Thirty-eighth Annual Conference on Neural Information Processing Systems,Trans.,,,,,,,,,,2D graph,Trans.,,,QM benchmarks ^3Other benchmarks ^2,,https://openreview.net/forum?id=64V40K2fDv,,Uni-Mol2,Molecular property prediction with 2D graph and Trans..,Exploring Molecular Pretraining Model at Scale,inproceedings,bibtex-url
MPP,with pre-training,,GeomGCL,2022,Proceedings of the AAAI conference on artificial intelligence,GNNs,,,,,,,,,,2/3D graph,GNNs,,,"Classification benchmarks ^2,3,6,8Regression benchmarks ^1-3",,https://scholar.google.com/scholar?q=Geomgcl%3A+Geometric+graph+contrastive+learning+for+molecular+property+prediction,,GeomGCL,Molecular property prediction with 2/3D graph and GNNs.,Geomgcl: Geometric graph contrastive learning for molecular property prediction,inproceedings,scholar-fallback
MPP,with pre-training,,UniCorn,2024,Proceedings of the 41st International Conference on Machine Learning,Trans.,,,,,,,,,,2/3D graph,Trans.,,,QM benchmarks ^3MD benchmarks ^2,,https://scholar.google.com/scholar?q=UniCorn%3A+A+Unified+Contrastive+Learning+Approach+for+Multi-view+Molecular+Representation+Learning,,UniCorn,Molecular property prediction with 2/3D graph and Trans..,UniCorn: A Unified Contrastive Learning Approach for Multi-view Molecular Representation Learning,inproceedings,scholar-fallback
MPP,with pre-training,,GEM,2022,Nature Machine Intelligence,GeoGNN,,,,,,,,,,2/3D graph,GeoGNN,,,QM benchmarks ^1-3Classification benchmarks ^1-8Regression benchmarks ^1-3,,https://scholar.google.com/scholar?q=Geometry-enhanced+molecular+representation+learning+for+property+prediction,,GEM,Molecular property prediction with 2/3D graph and GeoGNN.,Geometry-enhanced molecular representation learning for property prediction,article,scholar-fallback
MPP,with pre-training,,Uni-Mol+,2024,Nature communications,Trans.,,,,,,,,,,3D graph,Trans.,,,OC benchmarks ^1Other benchmarks ^3,,https://scholar.google.com/scholar?q=Data-driven+quantum+chemical+property+prediction+leveraging+3D+conformations+with+Uni-Mol%2B,,lu2024data,Molecular property prediction with 3D graph and Trans..,Data-driven quantum chemical property prediction leveraging 3D conformations with Uni-Mol+,article,scholar-fallback
MPP,with pre-training,,GraphMAE,2022,KDD,GNNs,,,,,,,,,,2D graph,GNNs,,,Classification benchmarks ^1-8,,https://scholar.google.com/scholar?q=Graphmae%3A+Self-supervised+masked+graph+autoencoders,,GraphMAE,Molecular property prediction with 2D graph and GNNs.,Graphmae: Self-supervised masked graph autoencoders,inproceedings,scholar-fallback
MPP,with pre-training,,JMP,2024,ICLR,GNNs,,,,,,,,,,3D graph,GNNs,,,"QM benchmarks ^3MD benchmarks ^2OC benchmarks ^1,2Other benchmarks ^4",,https://openreview.net/forum?id=PfPnugdxup,,JMP,Molecular property prediction with 3D graph and GNNs.,From Molecules to Materials: Pre-training Large Generalizable Models for Atomic Property Prediction,inproceedings,bibtex-url
MPP,with pre-training,,MolCLR,2022,Nature Machine Intelligence,GNNs,,,,,,,,,,2D graph,GNNs,,,Classification benchmarks ^2-8Regression benchmarks ^1-3,,https://scholar.google.com/scholar?q=Molecular+contrastive+learning+of+representations+via+graph+neural+networks,,MolCLR,Molecular property prediction with 2D graph and GNNs.,Molecular contrastive learning of representations via graph neural networks,article,scholar-fallback
MPP,with pre-training,,MOLEBLEND,2024,ICLR,Trans.,,,,,,,,,,2/3D graph,Trans.,,,QM benchmarks ^3Classification benchmarks ^1-8Other benchmarks ^3,,https://openreview.net/forum?id=oM7Jbxdk6Z,,MOLEBLEND,Molecular property prediction with 2/3D graph and Trans..,Multimodal Molecular Pretraining via Modality Blending,inproceedings,bibtex-url
MPP,with pre-training,,GraphMVP,2022,International Conference on Learning Representations,GNNs,,,,,,,,,,2/3D graph,GNNs,,,Classification benchmarks ^1-8,,https://openreview.net/forum?id=xQUe1pOKPam,,GraphMVP,Molecular property prediction with 2/3D graph and GNNs.,Pre-training Molecular Graph Representation with 3D Geometry,inproceedings,bibtex-url
MPP,with pre-training,,SliDe,2024,ICLR,Trans.,,,,,,,,,,3D graph,Trans.,,,QM benchmarks ^3MD benchmarks ^1Other benchmarks ^5,,https://openreview.net/forum?id=liKkG1zcWq,,SliDe,Molecular property prediction with 3D graph and Trans..,Sliced Denoising: A Physics-Informed Molecular Pre-Training Method,inproceedings,bibtex-url
MPP,with pre-training,,Uni-Mol,2023,ICLR,Trans.,,,,,,,,,,3D graph,Trans.,,,QM benchmarks ^1-3Classification benchmarks ^1-8Regression benchmarks ^1-3,,https://openreview.net/forum?id=6K2RM6wVqKu,,Uni-Mol,Molecular property prediction with 3D graph and Trans..,Uni-Mol: A Universal 3D Molecular Representation Learning Framework,inproceedings,bibtex-url
MPP,with pre-training,,MolMCL-GCN,2025,Nature Communications,GT,,,,,,,,,,2D graph,GT,,,Classification benchmarks ^2-8,,https://scholar.google.com/scholar?q=Multi-channel+learning+for+integrating+structural+hierarchies+into+context-dependent+molecular+representation,,MolMCL,Molecular property prediction with 2D graph and GT.,Multi-channel learning for integrating structural hierarchies into context-dependent molecular representation,article,scholar-fallback
MPP,with pre-training,,Transformer-M,2023,ICLR,Trans.,,,,,,,,,,2/3D graph,Trans.,,,QM benchmarks ^3MD benchmarks ^1Other benchmarks ^3,,https://openreview.net/forum?id=vZTp1oPV3PC,,Transformer-M,Molecular property prediction with 2/3D graph and Trans..,One Transformer Can Understand Both 2D & 3D Molecular Data,inproceedings,bibtex-url
MPP,with pre-training,,EDG,2025,Proceedings of the Thirty-Fourth International Joint Conference on Artificial Intelligence,KD/GNNs,,,,,,,,,,3D/ED,KD/GNNs,,,QM benchmarks ^3MD benchmarks ^1Other benchmarks ^6,,https://scholar.google.com/scholar?q=Electron+density-enhanced+molecular+geometry+learning,,xiang2025electron,Molecular property prediction with 3D/ED and KD/GNNs.,Electron density-enhanced molecular geometry learning,inproceedings,scholar-fallback
DDI,,,ZeroDDI,2024,arXiv preprint arXiv:2407.00891,SEL,SMILES,,,,,,,,,,,SEL,,GDSC : Recommendation,,https://arxiv.org/abs/2407.00891,,wang2024zeroddi,Drug-drug interaction modeling using SMILES and SEL.,ZeroDDI: A Zero-Shot Drug-Drug Interaction Event Prediction Method with Semantic Enhanced Learning and Dual-Modal Uniform Alignment,article,venue-arxiv
DDI,,,DeepDDI,2018,Proceedings of the national academy of sciences,SSP,"SMILES, Text",,,,,,,,,,,SSP,,GDSC : Multi-class,,https://scholar.google.com/scholar?q=Deep+learning+improves+prediction+of+drug--drug+and+drug--food+interactions,,ryu2018deep,"Drug-drug interaction modeling using SMILES, Text and SSP.",Deep learning improves prediction of drug--drug and drug--food interactions,article,scholar-fallback
DDI,,,MKG-FENN,2024,AAAI,KG,SMILES,,,,,,,,,,,KG,,GDSC : Multi-class,,https://scholar.google.com/scholar?q=MKG-FENN%3A+A+Multimodal+Knowledge+Graph+Fused+End-to-End+Neural+Network+for+Accurate+Drug--Drug+Interaction+Prediction,,wu2024mkg,Drug-drug interaction modeling using SMILES and KG.,MKG-FENN: A Multimodal Knowledge Graph Fused End-to-End Neural Network for Accurate Drug--Drug Interaction Prediction,inproceedings,scholar-fallback
DDI,,,DDKG,2022,Briefings in bioinformatics,KG,"SMILES, Graph",,,,,,,,,,,KG,,CCLE OGB-BioKG : Multi-class,,https://scholar.google.com/scholar?q=Attention-based+knowledge+graph+representation+learning+for+predicting+drug-drug+interactions,,DDKG,"Drug-drug interaction modeling using SMILES, Graph and KG.",Attention-based knowledge graph representation learning for predicting drug-drug interactions,article,scholar-fallback
DDI,,,BI-GNN,2020,arXiv preprint arXiv:2006.14002,GNN,Graph,,,,,,,,,,,GNN,,GDSC PRISM : Multi-class,,https://arxiv.org/abs/2006.14002,,bai2020bi,Drug-drug interaction modeling using Graph and GNN.,Bi-level graph neural networks for drug-drug interaction prediction,article,venue-arxiv
DDI,,,MOTOR,2025,AAAI,"GNNs, Motif",Graph,,,,,,,,,,,"GNNs, Motif",,ZhangDDI GDSC TWOSIDES : Multi-class,,https://scholar.google.com/scholar?q=Motif-oriented+representation+learning+with+topology+refinement+for+drug-drug+interaction+prediction,,motor2025,"Drug-drug interaction modeling using Graph and GNNs, Motif.",Motif-oriented representation learning with topology refinement for drug-drug interaction prediction,inproceedings,scholar-fallback
DDI,,,CGIB,2023,ICML,GIB,Graph,,,,,,,,,,,GIB,,ZhangDDI PDTC : Multi-class Regression,,https://scholar.google.com/scholar?q=Conditional+graph+information+bottleneck+for+molecular+relational+learning,,lee2023conditional,Drug-drug interaction modeling using Graph and GIB.,Conditional graph information bottleneck for molecular relational learning,inproceedings,scholar-fallback
DDI,,,PC-DDI,2026,AAAI,"GNNs, Causal",Graph,,,,,,,,,,,"GNNs, Causal",,GDSC TWOSIDES : Multi-class,,https://scholar.google.com/scholar?q=Closer+to+Biological+Mechanism%3A+Drug-Drug+Interaction+Prediction+from+the+Perspective+of+Pharmacophore,,pcddi2026,"Drug-drug interaction modeling using Graph and GNNs, Causal.",Closer to Biological Mechanism: Drug-Drug Interaction Prediction from the Perspective of Pharmacophore,inproceedings,scholar-fallback
DDI,,,IGIB-ISE,2023,ICML,IGIB,Graph,,,,,,,,,,,IGIB,,ZhangDDI PDTC : Multi-class Regression,,https://scholar.google.com/scholar?q=Conditional+graph+information+bottleneck+for+molecular+relational+learning,,lee2023conditional,Drug-drug interaction modeling using Graph and IGIB.,Conditional graph information bottleneck for molecular relational learning,inproceedings,scholar-fallback
DDI,,,RISE-DDI,2026,AAAI,"GNNs, RL",Graph,,,,,,,,,,,"GNNs, RL",,GDSC TWOSIDES : Multi-class,,https://scholar.google.com/scholar?q=Informative+Subgraph+Extraction+with+Deep+Reinforcement+Learning+for+Drug-Drug+Interaction+Prediction,,riseddi2026,"Drug-drug interaction modeling using Graph and GNNs, RL.",Informative Subgraph Extraction with Deep Reinforcement Learning for Drug-Drug Interaction Prediction,inproceedings,scholar-fallback
DDI,,,PHGL-DDI,2025,Expert Systems with Applications,CL,Graph,,,,,,,,,,,CL,,GDSC PDTC : Multi-class,,https://scholar.google.com/scholar?q=PHGL-DDI%3A+A+pre-training+based+hierarchical+graph+learning+framework+for+drug-drug+interaction+prediction,,yuan2025phgl,Drug-drug interaction modeling using Graph and CL.,PHGL-DDI: A pre-training based hierarchical graph learning framework for drug-drug interaction prediction,article,scholar-fallback
DDI,,,S2VM,2026,NeurIPS,"Trans., SSL",2D Image,,,,,,,,,,,"Trans., SSL",,GDSC TWOSIDES : Multi-class,,https://scholar.google.com/scholar?q=Self-supervised+Blending+Structural+Context+of+Visual+Molecules+for+Robust+Drug+Interaction+Prediction,,s2vm2025,"Drug-drug interaction modeling using 2D Image and Trans., SSL.",Self-supervised Blending Structural Context of Visual Molecules for Robust Drug Interaction Prediction,article,scholar-fallback
DDI,,,DANN-DDI,2023,IEEE/ACM Transactions on Computational Biology and Bioinformatics,Attention,Graph,,,,,,,,,,,Attention,,GDSC CCLE : Multi-class,,https://doi.org/10.1109/TCBB.2022.3172421,,DANN-DDI,Drug-drug interaction modeling using Graph and Attention.,Enhancing Drug-Drug Interaction Prediction Using Deep Attention Neural Networks,article,bibtex-doi
DDI,,,CSSE-DDI,2024,NeurIPS,"GNNs, NAS",Graph,,,,,,,,,,,"GNNs, NAS",,GDSC TWOSIDES : Multi-class,,https://scholar.google.com/scholar?q=Customized+subgraph+selection+and+encoding+for+drug-drug+interaction+prediction,,csseddi2024,"Drug-drug interaction modeling using Graph and GNNs, NAS.",Customized subgraph selection and encoding for drug-drug interaction prediction,article,scholar-fallback
DDI,,,TIGER,2024,AAAI,GNN,Graph,,,,,,,,,,,GNN,,GDSC PRISM OGB-BioKG : Multi-class,,https://scholar.google.com/scholar?q=Dual-Channel+Learning+Framework+for+Drug-Drug+Interaction+Prediction+via+Relation-Aware+Heterogeneous+Graph+Transformer,,su2024dual,Drug-drug interaction modeling using Graph and GNN.,Dual-Channel Learning Framework for Drug-Drug Interaction Prediction via Relation-Aware Heterogeneous Graph Transformer,inproceedings,scholar-fallback
DDI,,,ExDDI,2025,AAAI,"Trans., NLG","SMILES, Text",,,,,,,,,,,"Trans., NLG",,"GDSC DDInter : Classification , Generation",,https://scholar.google.com/scholar?q=Exddi%3A+Explaining+drug-drug+interaction+predictions+with+natural+language,,exddi2025,"Drug-drug interaction modeling using SMILES, Text and Trans., NLG.",Exddi: Explaining drug-drug interaction predictions with natural language,inproceedings,scholar-fallback
DDI,,,GoGNN,2020,arXiv preprint arXiv:2005.05537,GNN,Graph,,,,,,,,,,,GNN,,GDSC COSMIC CTRP : Classification,,https://arxiv.org/abs/2005.05537,,wang2020gognn,Drug-drug interaction modeling using Graph and GNN.,Gognn: Graph of graphs neural network for predicting structured entity interactions,article,venue-arxiv
DDI,,,MolecBioNet,2025,Proceedings of the 31st ACM SIGKDD Conference on Knowledge Discovery and Data Mining V. 2,"GNNs, KG, Pooling, MI",Graph,,,,,,,,,,,"GNNs, KG, Pooling, MI",,RyuDDI GDSC : Multi-class,,https://scholar.google.com/scholar?q=Towards+Interpretable+Drug-Drug+Interaction+Prediction%3A+A+Graph-Based+Approach+with+Molecular+and+Network-Level+Explanations,,molecbionet2025,"Drug-drug interaction modeling using Graph and GNNs, KG, Pooling, MI.",Towards Interpretable Drug-Drug Interaction Prediction: A Graph-Based Approach with Molecular and Network-Level Explanations,inproceedings,scholar-fallback
DDI,,,CSGNN,2021,IJCAI,CL,Graph,,,,,,,,,,,CL,,PDTC : Classification,,https://scholar.google.com/scholar?q=CSGNN%3A+Contrastive+Self-Supervised+Graph+Neural+Network+for+Molecular+Interaction+Prediction.,,zhao2021csgnn,Drug-drug interaction modeling using Graph and CL.,CSGNN: Contrastive Self-Supervised Graph Neural Network for Molecular Interaction Prediction.,inproceedings,scholar-fallback
DDI,,,K-Paths,2025,Proceedings of the 31st ACM SIGKDD Conference on Knowledge Discovery and Data Mining V. 2,"Path, LLMs, GNNs",KG Entity,,,,,,,,,,,"Path, LLMs, GNNs",,DDInter GDSC : Multi-class,,https://scholar.google.com/scholar?q=K-paths%3A+Reasoning+over+graph+paths+for+drug+repurposing+and+drug+interaction+prediction,,kpaths2025,"Drug-drug interaction modeling using KG Entity and Path, LLMs, GNNs.",K-paths: Reasoning over graph paths for drug repurposing and drug interaction prediction,inproceedings,scholar-fallback
MG,,VAE,3DLinker,2022,ICML,VAE,,,,,,,,,,,,,Fragment/linker,,,https://scholar.google.com/scholar?q=3DLinker%3A+An+E+%283%29+Equivariant+Variational+Autoencoder+for+Molecular+Linker+Design,,huang20223dlinker,Molecular generation based on VAE with condition: --.,3DLinker: An E (3) Equivariant Variational Autoencoder for Molecular Linker Design,inproceedings,scholar-fallback
MG,,Flow,CGCF,2021,arXiv preprint arXiv:2102.10240,Flow,,,,,,,,,,,,,Conformation,,,https://arxiv.org/abs/2102.10240,,xu2021learning,Molecular generation based on Flow with condition: --.,Learning neural generative dynamics for molecular conformation generation,article,venue-arxiv
MG,,GAN,LatentGAN,2019,Journal of Cheminformatics,GAN,,,,,,,,,,,,,Unconditional,,,https://scholar.google.com/scholar?q=A+de+novo+molecular+generation+method+using+latent+vector+based+generative+adversarial+network,,prykhodko2019novo,Molecular generation based on GAN with condition: --.,A de novo molecular generation method using latent vector based generative adversarial network,article,scholar-fallback
MG,,Diffusion,GDSS,2022,International conference on machine learning,Diffusion,,,,,,,,,,,,,Unconditional,,,https://scholar.google.com/scholar?q=Score-based+generative+modeling+of+graphs+via+the+system+of+stochastic+differential+equations,,jo2022score,Molecular generation based on Diffusion with condition: --.,Score-based generative modeling of graphs via the system of stochastic differential equations,inproceedings,scholar-fallback
MG,,Diffusion,GeoLDM,2023,ICML,Diffusion,,,,,,,,,,,,,3D geometry,,,https://scholar.google.com/scholar?q=Geometric+latent+diffusion+models+for+3d+molecule+generation,,xu2023geometric,Molecular generation based on Diffusion with condition: --.,Geometric latent diffusion models for 3d molecule generation,inproceedings,scholar-fallback
MG,,Flow,MolHF,2023,Proceedings of the Thirty-Second International Joint Conference on Artificial Intelligence,Flow,,,,,,,,,,,,,Property,,,https://scholar.google.com/scholar?q=MolHF%3A+a+hierarchical+normalizing+flow+for+molecular+graph+generation,,zhu2023molhf,Molecular generation based on Flow with condition: Property.,MolHF: a hierarchical normalizing flow for molecular graph generation,inproceedings,scholar-fallback
MG,,GAN,TransORGAN,2022,"Proceedings of the Thirty-First International Joint Conference on Artificial Intelligence, IJCAI-22",GAN,,,,,,,,,,,,,Property,,,https://doi.org/10.24963/ijcai.2022/539,,ijcai2022p539,Molecular generation based on GAN with condition: Property.,Transformer-based Objective-reinforced Generative Adversarial Network to Generate Desired Molecules,inproceedings,bibtex-url
MG,,Diffusion,MOOD,2023,ICML,Diffusion,,,,,,,,,,,,,Property / OOD,,,https://scholar.google.com/scholar?q=Exploring+chemical+space+with+score-based+out-of-distribution+generation,,lee2023exploring,Molecular generation based on Diffusion with condition: Property.,Exploring chemical space with score-based out-of-distribution generation,inproceedings,scholar-fallback
MG,,Diffusion Transformer,GraphDiT,2024,The Thirty-eighth Annual Conference on Neural Information Processing Systems,Diffusion Transformer,,,,,,,,,,,,,Property,,,https://scholar.google.com/scholar?q=Graph+Diffusion+Transformers+for+Multi-Conditional+Molecular+Generation,,liu2024graph,Molecular generation based on Diffusion with condition: Property.,Graph Diffusion Transformers for Multi-Conditional Molecular Generation,inproceedings,scholar-fallback
MG,,Diffusion,LDMol,2025,Proceedings of the 42nd International Conference on Machine Learning,Diffusion,,,,,,,,,,,,,Text,,,https://proceedings.mlr.press/v267/chang25d.html,,chang2025ldmol,Molecular generation based on Diffusion with condition: Text.,LDMol: A Text-to-Molecule Diffusion Model with Structurally Informative Latent Space Surpasses AR Models,inproceedings,bibtex-url
MG,,Diffusion,DecompDiff,2023,ICML,Diffusion,,,,,,,,,,,,,Protein pocket,,,https://scholar.google.com/scholar?q=DecompDiff%3A+Diffusion+Models+with+Decomposed+Priors+for+Structure-Based+Drug+Design,,guan2023decompdiff,Molecular generation based on Diffusion with condition: Protein.,DecompDiff: Diffusion Models with Decomposed Priors for Structure-Based Drug Design,inproceedings,scholar-fallback
MG,,Diffusion,Apo2Mol,2026,AAAI,Diffusion,,,,,,,,,,,,,Protein pocket,,,https://ojs.aaai.org/index.php/AAAI/article/view/37138,,zheng2026apo2mol,Molecular generation based on Diffusion with condition: Protein.,Apo2Mol: 3D Molecule Generation via Dynamic Pocket-Aware Diffusion Models,inproceedings,bibtex-url
MG,,GFlowNet,RxnFlow,2025,ICLR,GFlowNet,,,,,,,,,,,,,Protein + synthesis,,,https://openreview.net/forum?id=pB1XSj2y4X,,seo2025rxnflow,Molecular generation based on GFlowNet with condition: Protein.,Generative Flows on Synthetic Pathway for Drug Design,inproceedings,bibtex-url
MO,,Diffusion,DecompOpt,2024,ICLR,Diffusion,,,,,,,,,,,,,Protein pocket,,,https://scholar.google.com/scholar?q=DecompOpt%3A+Controllable+and+Decomposed+Diffusion+Models+for+Structure-based+Molecular+Optimization,,zhoudecompopt,Molecular optimization based on Diffusion with condition: Protein.,DecompOpt: Controllable and Decomposed Diffusion Models for Structure-based Molecular Optimization,inproceedings,scholar-fallback
MO,,Diffusion,PMDM,2024,Nature Communications,Diffusion,,,,,,,,,,,,,Protein pocket,,,https://scholar.google.com/scholar?q=A+dual+diffusion+model+enables+3D+molecule+generation+and+lead+optimization+based+on+target+pockets,,huang2024dual,Molecular optimization based on Diffusion with condition: Protein.,A dual diffusion model enables 3D molecule generation and lead optimization based on target pockets,article,scholar-fallback
MO,,Reward optimization,Lee et al.,2025,Proceedings of the 42nd International Conference on Machine Learning,Reward optimization,,,,,,,,,,,,,Protein pocket,,,https://proceedings.mlr.press/v267/lee25k.html,,lee2025multireward,Molecular optimization based on Reward Optimization with condition: Protein.,Enhancing Ligand Validity and Affinity in Structure-Based Drug Design with Multi-Reward Optimization,inproceedings,bibtex-url
MO,,Schedule optimization,VOS,2025,Proceedings of the 42nd International Conference on Machine Learning,Schedule optimization,,,,,,,,,,,,,Protein pocket,,,https://proceedings.mlr.press/v267/qiu25g.html,,qiu2025vos,Molecular optimization based on Schedule Optimization with condition: Protein.,Piloting Structure-Based Drug Design via Modality-Specific Optimal Schedule,inproceedings,bibtex-url
MO,,Gradient-guided BFN,MolJO,2025,Proceedings of the 42nd International Conference on Machine Learning,Gradient-guided BFN,,,,,,,,,,,,,Protein pocket,,,https://proceedings.mlr.press/v267/qiu25h.html,,qiu2025moljo,Molecular optimization based on Gradient with condition: Protein.,Empower Structure-Based Molecule Optimization with Gradient Guided Bayesian Flow Networks,inproceedings,bibtex-url
MO,,Pareto MCTS,CombiMOTS,2025,Proceedings of the 42nd International Conference on Machine Learning,Pareto MCTS,,,,,,,,,,,,,Dual targets / properties,,,https://proceedings.mlr.press/v267/southiratn25a.html,,southiratn2025combimots,Molecular optimization based on Pareto MCTS with condition: Proteins.,CombiMOTS: Combinatorial Multi-Objective Tree Search for Dual-Target Molecule Generation,inproceedings,bibtex-url
MO,,Diffusion,FMOP,2024,arXiv preprint arXiv:2408.09106,Diffusion,,,,,,,,,,,,,Cell response,,,https://arxiv.org/abs/2408.09106,,li2024fragment,Molecular optimization based on Diffusion with condition: Cell.,Fragment-Masked Molecular Optimization,article,venue-arxiv
MO,,VAE,JTVAE,2018,International conference on machine learning,VAE,,,,,,,,,,,,,Property,,,https://scholar.google.com/scholar?q=Junction+tree+variational+autoencoder+for+molecular+graph+generation,,jin2018junction,Molecular optimization based on VAE with condition: Property.,Junction tree variational autoencoder for molecular graph generation,inproceedings,scholar-fallback
MO,,Search,MolEvol,2021,International conference on learning representation (ICLR),Search,,,,,,,,,,,,,Property,,,https://scholar.google.com/scholar?q=Molecule+optimization+by+explainable+evolution,,chen2021molecule,Molecular optimization based on Search with condition: Property.,Molecule optimization by explainable evolution,inproceedings,scholar-fallback
MO,,Search,MolSearch,2022,Proceedings of the 28th ACM SIGKDD conference on knowledge discovery and data mining,Search,,,,,,,,,,,,,Multi-objective property,,,https://scholar.google.com/scholar?q=Molsearch%3A+search-based+multi-objective+molecular+generation+and+property+optimization,,sun2022molsearch,Molecular optimization based on Search with condition: Property.,Molsearch: search-based multi-objective molecular generation and property optimization,inproceedings,scholar-fallback
MO,,Search,DyMol,2024,Proceedings of the Thirty-Third International Joint Conference on Artificial Intelligence (IJCAI),Search,,,,,,,,,,,,,Dynamic many-objective,,,https://scholar.google.com/scholar?q=Dynamic+many-objective+molecular+optimization%3A+Unfolding+complexity+with+objective+decomposition+and+progressive+optimization,,shin2024dynamic,Molecular optimization based on Search with condition: Property.,Dynamic many-objective molecular optimization: Unfolding complexity with objective decomposition and progressive optimization,inproceedings,scholar-fallback
MO,,Editing + RL,MolEditRL,2025,arXiv preprint arXiv:2505.20131,Editing + RL,,,,,,,,,,,,,Property,,,https://doi.org/10.48550/arXiv.2505.20131,,Zhuang2025MolEditRL,Molecular optimization based on Editing with condition: Property.,MolEditRL: Structure-Preserving Molecular Editing via Discrete Diffusion and Reinforcement Learning,article,bibtex-doi
MG,,Flow,GF-VAE,2021,Proceedings of the 30th ACM international conference on information \& knowledge management,Flow,,,,,,,,,,,,,Property,,,https://scholar.google.com/scholar?q=GF-VAE%3A+a+flow-based+variational+autoencoder+for+molecule+generation,,ma2021gf,Flow-based variational autoencoder for molecular graph generation.,GF-VAE: a flow-based variational autoencoder for molecule generation,inproceedings,scholar-fallback
MG,,GFlowNet,SynFlowNet,2025,The Thirteenth International Conference on Learning Representations,GFlowNet,,,,,,,,,,,,,Synthesis,,,https://openreview.net/forum?id=uvHmnahyp1,,cretu2025synflownet,GFlowNet molecular design with explicit synthesis constraints.,SynFlowNet: Design of Diverse and Novel Molecules with Synthesis Constraints,inproceedings,bibtex-url
MO,,AutoReg / Prompt LM,Prompt-MolOpt,2024,Nature Machine Intelligence,AutoReg / Prompt LM,,,,,,,,,,,,,Property,,,https://scholar.google.com/scholar?q=Leveraging+language+model+for+advanced+multiproperty+molecular+optimization+via+prompt+engineering,,wu2024leveraging,Prompt-engineered language-model framework for multiproperty molecular optimization.,Leveraging language model for advanced multiproperty molecular optimization via prompt engineering,article,scholar-fallback
MO,,GAN,Mol-CycleGAN,2020,Journal of Cheminformatics,GAN,,,,,,,,,,,,,Property,,,https://scholar.google.com/scholar?q=Mol-CycleGAN%3A+a+generative+model+for+molecular+optimization,,maziarka2020mol,CycleGAN-based molecular optimization preserving structural similarity.,Mol-CycleGAN: a generative model for molecular optimization,article,scholar-fallback
MO,,GFlowNet / Search,HN-GFN,2024,Advances in Neural Information Processing Systems,GFlowNet / Search,,,,,,,,,,,,,Multi-objective property,,,https://scholar.google.com/scholar?q=Sample-efficient+multi-objective+molecular+optimization+with+gflownets,,zhu2024sample,Sample-efficient multi-objective molecular optimization with GFlowNets.,Sample-efficient multi-objective molecular optimization with gflownets,article,scholar-fallback
MO,,Editing / Search,SMER-Opt,2026,arXiv preprint arXiv:2605.10035,Editing / Search,,,,,,,,,,,,,Property,,,https://doi.org/10.48550/arXiv.2605.10035,,rao2026single,Sequential molecular editing from single-step edit-response modeling.,From Single-Step Edit Response to Multi-Step Molecular Optimization,article,bibtex-doi
